{"cameraMode":{"drawMode":0,"name":"Shaded","section":"Shading Mode"},"sceneLighting":true,"audioPlay":false,"sceneViewState":{"m_AlwaysRefresh":false,"showFog":true,"showSkybox":true,"showFlares":true,"showImageEffects":true,"showParticleSystems":true,"showVisualEffectGraphs":true,"m_FxEnabled":true},"in2DMode":false,"pivot":{"x":3.39113450050354,"y":-3.278265953063965,"z":-5.498682975769043},"rotation":{"x":-0.00042756934999488294,"y":0.934192955493927,"z":-0.35677170753479006,"w":-0.0011199293658137322},"size":6.669195175170898,"orthographic":false}